[
  {
    "question": "What services does Boost Web Agency offer?",
    "answer": "At Boost Web Agency, we specialize in digital marketing and web development. Our services include SEO, content marketing, social media management, website design, and development."
  },
  {
    "question": "How can digital marketing benefit my business?",
    "answer": "Digital marketing helps increase your online visibility, attract more potential customers, and drive sales. By leveraging various channels like SEO, social media, and content marketing, we can help your business grow and reach its target audience effectively."
  },
  {
    "question": "What is SEO and why is it important?",
    "answer": "SEO (Search Engine Optimization) is the process of improving your website's visibility on search engines like Google. It's important because higher visibility leads to more organic traffic, which can result in more leads and sales."
  },
  {
    "question": "How long does it take to see results from digital marketing efforts?",
    "answer": "Results can vary based on the strategy and the industry. Generally, SEO efforts may take a few months to show significant results, while other digital marketing tactics like paid advertising can deliver faster outcomes."
  },
  {
    "question": "What is web development and how can it benefit my business?",
    "answer": "Web development involves creating and maintaining websites. A well-designed and functional website enhances user experience, builds credibility, and can lead to higher conversion rates for your business."
  },
  {
    "question": "Do you offer custom website design services?",
    "answer": "Yes, we offer custom website design services tailored to your business needs. Our team will work with you to create a website that reflects your brand and meets your objectives."
  },
  {
    "question": "What is included in a digital marketing strategy?",
    "answer": "A digital marketing strategy may include SEO, content marketing, social media marketing, email marketing, and paid advertising. We tailor our strategies to align with your business goals and target audience."
  },
  {
    "question": "How do you measure the success of a digital marketing campaign?",
    "answer": "We measure success through key performance indicators (KPIs) such as website traffic, conversion rates, click-through rates, and return on investment (ROI). We provide regular reports to track progress and optimize strategies."
  }
]
