[
  {
    "id": 1,
    "productId": "1",
    "user": "Sarah Johnson",
    "avatar": "https://images.unsplash.com/photo-1494790108755-2616b612b786?w=100&h=100&fit=crop&crop=face",
    "rating": 5,
    "date": "2 days ago",
    "comment": "Amazing template! Easy to customize and great documentation. Saved me weeks of development time.",
    "helpful": 12,
    "verified": true
  },
  {
    "id": 2,
    "productId": "1",
    "user": "Mike Chen",
    "avatar": "https://images.unsplash.com/photo-1507003211169-0a1dd7228f2d?w=100&h=100&fit=crop&crop=face",
    "rating": 5,
    "date": "1 week ago",
    "comment": "Perfect for my e-commerce project. The code is clean and well-organized. Highly recommended!",
    "helpful": 8,
    "verified": true
  },
  {
    "id": 3,
    "productId": "1",
    "user": "Emily Davis",
    "avatar": "https://images.unsplash.com/photo-1438761681033-6461ffad8d80?w=100&h=100&fit=crop&crop=face",
    "rating": 4,
    "date": "2 weeks ago",
    "comment": "Great template with lots of features. Support team is very responsive. Minor customization needed for my use case.",
    "helpful": 5,
    "verified": false
  },
  {
    "id": 4,
    "productId": "2",
    "user": "John Doe",
    "avatar": "https://images.unsplash.com/photo-1535713875002-d1d0cfd2feae?w=100&h=100&fit=crop&crop=face",
    "rating": 5,
    "date": "3 days ago",
    "comment": "This course is a game-changer! Learned so much about digital marketing. Highly recommend for beginners and pros.",
    "helpful": 20,
    "verified": true
  },
  {
    "id": 5,
    "productId": "2",
    "user": "Jane Smith",
    "avatar": "https://images.unsplash.com/photo-1580489944761-15a19d654956?w=100&h=100&fit=crop&crop=face",
    "rating": 4,
    "date": "1 month ago",
    "comment": "Good content, but some parts could be more in-depth. Overall, a solid course.",
    "helpful": 7,
    "verified": true
  }
]
